{
    "Birth asphyxia": {
        "precision": 0.5555555555555556,
        "recall": 0.38461538461538464,
        "f1-score": 0.45454545454545453,
        "support": 26.0
    },
    "Certain infectious and Parasitic Diseases": {
        "precision": 0.5,
        "recall": 0.5794392523364486,
        "f1-score": 0.5367965367965368,
        "support": 107.0
    },
    "Congenital malformation": {
        "precision": 0.0,
        "recall": 0.0,
        "f1-score": 0.0,
        "support": 14.0
    },
    "Diseases of Respiratory System": {
        "precision": 0.4523809523809524,
        "recall": 0.40860215053763443,
        "f1-score": 0.4293785310734463,
        "support": 93.0
    },
    "Diseases of the Digestive System": {
        "precision": 0.6,
        "recall": 0.24,
        "f1-score": 0.34285714285714286,
        "support": 25.0
    },
    "Diseases of the Genitourinary System": {
        "precision": 0.4166666666666667,
        "recall": 0.17857142857142858,
        "f1-score": 0.25,
        "support": 28.0
    },
    "Diseases of the Nervous System": {
        "precision": 0.0,
        "recall": 0.0,
        "f1-score": 0.0,
        "support": 3.0
    },
    "Diseases of the circulatory system": {
        "precision": 0.381294964028777,
        "recall": 0.7066666666666667,
        "f1-score": 0.4953271028037383,
        "support": 75.0
    },
    "Endocrine, Nutritional and Metabolic Diseases": {
        "precision": 0.2857142857142857,
        "recall": 0.15384615384615385,
        "f1-score": 0.2,
        "support": 26.0
    },
    "External Causes of Morbidity and Mortality": {
        "precision": 0.7142857142857143,
        "recall": 0.7446808510638298,
        "f1-score": 0.7291666666666666,
        "support": 94.0
    },
    "Hemorrhagic fever": {
        "precision": 0.0,
        "recall": 0.0,
        "f1-score": 0.0,
        "support": 4.0
    },
    "Injury, Poisoning and External Causes": {
        "precision": 0.875,
        "recall": 0.3888888888888889,
        "f1-score": 0.5384615384615384,
        "support": 18.0
    },
    "Neoplasms": {
        "precision": 0.3793103448275862,
        "recall": 0.5945945945945946,
        "f1-score": 0.4631578947368421,
        "support": 37.0
    },
    "Other Cardiovascular Diseases": {
        "precision": 0.42857142857142855,
        "recall": 0.1875,
        "f1-score": 0.2608695652173913,
        "support": 32.0
    },
    "Other Defined Causes of Child Deaths": {
        "precision": 0.0,
        "recall": 0.0,
        "f1-score": 0.0,
        "support": 13.0
    },
    "Other Infectious Diseases": {
        "precision": 0.26666666666666666,
        "recall": 0.16,
        "f1-score": 0.2,
        "support": 25.0
    },
    "Other Injuries": {
        "precision": 1.0,
        "recall": 0.125,
        "f1-score": 0.2222222222222222,
        "support": 8.0
    },
    "Other Non-communicable Diseases": {
        "precision": 0.27906976744186046,
        "recall": 0.3157894736842105,
        "f1-score": 0.2962962962962963,
        "support": 38.0
    },
    "Pregnancy, childbirth and the puerperium": {
        "precision": 0.7062937062937062,
        "recall": 0.8782608695652174,
        "f1-score": 0.7829457364341085,
        "support": 115.0
    },
    "accuracy": 0.5134443021766966,
    "macro avg": {
        "precision": 0.4126742132859578,
        "recall": 0.3182345112826557,
        "f1-score": 0.32642235200586234,
        "support": 781.0
    },
    "weighted avg": {
        "precision": 0.49916127155219775,
        "recall": 0.5134443021766966,
        "f1-score": 0.48515110781703485,
        "support": 781.0
    }
}