{
    "Dev": {
        "accuracy": 0.4846547314578005,
        "macro avg": {
            "precision": 0.3718992239421234,
            "recall": 0.3439753728817694,
            "f1-score": 0.3514535992980482
        },
        "weighted avg": {
            "precision": 0.46157541970489807,
            "recall": 0.4846547314578005,
            "f1-score": 0.4685324935702612
        },
        "classification_report": {
            "Birth asphyxia": {
                "precision": 0.21428571428571427,
                "recall": 0.12,
                "f1-score": 0.15384615384615385,
                "support": 25.0
            },
            "Certain infectious and Parasitic Diseases": {
                "precision": 0.4166666666666667,
                "recall": 0.46296296296296297,
                "f1-score": 0.43859649122807015,
                "support": 108.0
            },
            "Congenital malformation": {
                "precision": 0.0,
                "recall": 0.0,
                "f1-score": 0.0,
                "support": 14.0
            },
            "Diseases of Respiratory System": {
                "precision": 0.36585365853658536,
                "recall": 0.4838709677419355,
                "f1-score": 0.4166666666666667,
                "support": 93.0
            },
            "Diseases of the Digestive System": {
                "precision": 0.45454545454545453,
                "recall": 0.4166666666666667,
                "f1-score": 0.43478260869565216,
                "support": 24.0
            },
            "Diseases of the Genitourinary System": {
                "precision": 0.2,
                "recall": 0.13793103448275862,
                "f1-score": 0.16326530612244897,
                "support": 29.0
            },
            "Diseases of the Nervous System": {
                "precision": 0.5,
                "recall": 0.3333333333333333,
                "f1-score": 0.4,
                "support": 3.0
            },
            "Diseases of the circulatory system": {
                "precision": 0.5306122448979592,
                "recall": 0.6842105263157895,
                "f1-score": 0.5977011494252874,
                "support": 76.0
            },
            "Endocrine, Nutritional and Metabolic Diseases": {
                "precision": 0.125,
                "recall": 0.11538461538461539,
                "f1-score": 0.12,
                "support": 26.0
            },
            "External Causes of Morbidity and Mortality": {
                "precision": 0.813953488372093,
                "recall": 0.7368421052631579,
                "f1-score": 0.7734806629834254,
                "support": 95.0
            },
            "Hemorrhagic fever": {
                "precision": 0.5,
                "recall": 0.3333333333333333,
                "f1-score": 0.4,
                "support": 3.0
            },
            "Injury, Poisoning and External Causes": {
                "precision": 0.6666666666666666,
                "recall": 0.7058823529411765,
                "f1-score": 0.6857142857142857,
                "support": 17.0
            },
            "Neoplasms": {
                "precision": 0.6111111111111112,
                "recall": 0.5789473684210527,
                "f1-score": 0.5945945945945946,
                "support": 38.0
            },
            "Other Cardiovascular Diseases": {
                "precision": 0.15,
                "recall": 0.09375,
                "f1-score": 0.11538461538461539,
                "support": 32.0
            },
            "Other Defined Causes of Child Deaths": {
                "precision": 0.2,
                "recall": 0.08333333333333333,
                "f1-score": 0.11764705882352941,
                "support": 12.0
            },
            "Other Infectious Diseases": {
                "precision": 0.15789473684210525,
                "recall": 0.12,
                "f1-score": 0.13636363636363635,
                "support": 25.0
            },
            "Other Injuries": {
                "precision": 0.2,
                "recall": 0.125,
                "f1-score": 0.15384615384615385,
                "support": 8.0
            },
            "Other Non-communicable Diseases": {
                "precision": 0.2903225806451613,
                "recall": 0.23684210526315788,
                "f1-score": 0.2608695652173913,
                "support": 38.0
            },
            "Pregnancy, childbirth and the puerperium": {
                "precision": 0.6691729323308271,
                "recall": 0.7672413793103449,
                "f1-score": 0.714859437751004,
                "support": 116.0
            },
            "accuracy": 0.4846547314578005,
            "macro avg": {
                "precision": 0.3718992239421234,
                "recall": 0.3439753728817694,
                "f1-score": 0.3514535992980482,
                "support": 782.0
            },
            "weighted avg": {
                "precision": 0.46157541970489807,
                "recall": 0.4846547314578005,
                "f1-score": 0.4685324935702612,
                "support": 782.0
            }
        }
    },
    "Test": {
        "accuracy": 0.45838668373879643,
        "macro avg": {
            "precision": 0.3393909725098389,
            "recall": 0.3003536132642805,
            "f1-score": 0.3122287970601201
        },
        "weighted avg": {
            "precision": 0.4477327333705335,
            "recall": 0.45838668373879643,
            "f1-score": 0.4481476714050425
        },
        "classification_report": {
            "Birth asphyxia": {
                "precision": 0.47619047619047616,
                "recall": 0.38461538461538464,
                "f1-score": 0.425531914893617,
                "support": 26.0
            },
            "Certain infectious and Parasitic Diseases": {
                "precision": 0.3787878787878788,
                "recall": 0.4672897196261682,
                "f1-score": 0.41841004184100417,
                "support": 107.0
            },
            "Congenital malformation": {
                "precision": 0.25,
                "recall": 0.14285714285714285,
                "f1-score": 0.18181818181818182,
                "support": 14.0
            },
            "Diseases of Respiratory System": {
                "precision": 0.2833333333333333,
                "recall": 0.3655913978494624,
                "f1-score": 0.3192488262910798,
                "support": 93.0
            },
            "Diseases of the Digestive System": {
                "precision": 0.3076923076923077,
                "recall": 0.16,
                "f1-score": 0.21052631578947367,
                "support": 25.0
            },
            "Diseases of the Genitourinary System": {
                "precision": 0.18518518518518517,
                "recall": 0.17857142857142858,
                "f1-score": 0.18181818181818182,
                "support": 28.0
            },
            "Diseases of the Nervous System": {
                "precision": 0.0,
                "recall": 0.0,
                "f1-score": 0.0,
                "support": 3.0
            },
            "Diseases of the circulatory system": {
                "precision": 0.4942528735632184,
                "recall": 0.5733333333333334,
                "f1-score": 0.5308641975308642,
                "support": 75.0
            },
            "Endocrine, Nutritional and Metabolic Diseases": {
                "precision": 0.2608695652173913,
                "recall": 0.23076923076923078,
                "f1-score": 0.24489795918367346,
                "support": 26.0
            },
            "External Causes of Morbidity and Mortality": {
                "precision": 0.6981132075471698,
                "recall": 0.7872340425531915,
                "f1-score": 0.74,
                "support": 94.0
            },