{
    "Birth asphyxia": {
        "precision": 0.3870967741935484,
        "recall": 0.46153846153846156,
        "f1-score": 0.42105263157894735,
        "support": 26.0
    },
    "Certain infectious and Parasitic Diseases": {
        "precision": 0.5463917525773195,
        "recall": 0.4953271028037383,
        "f1-score": 0.5196078431372549,
        "support": 107.0
    },
    "Congenital malformation": {
        "precision": 0.3333333333333333,
        "recall": 0.07142857142857142,
        "f1-score": 0.11764705882352941,
        "support": 14.0
    },
    "Diseases of Respiratory System": {
        "precision": 0.281437125748503,
        "recall": 0.5053763440860215,
        "f1-score": 0.36153846153846153,
        "support": 93.0
    },
    "Diseases of the Digestive System": {
        "precision": 0.36363636363636365,
        "recall": 0.32,
        "f1-score": 0.3404255319148936,
        "support": 25.0
    },
    "Diseases of the Genitourinary System": {
        "precision": 0.5,
        "recall": 0.25,
        "f1-score": 0.3333333333333333,
        "support": 28.0
    },
    "Diseases of the Nervous System": {
        "precision": 0.0,
        "recall": 0.0,
        "f1-score": 0.0,
        "support": 3.0
    },
    "Diseases of the circulatory system": {
        "precision": 0.4807692307692308,
        "recall": 0.6666666666666666,
        "f1-score": 0.5586592178770949,
        "support": 75.0
    },
    "Endocrine, Nutritional and Metabolic Diseases": {
        "precision": 0.25,
        "recall": 0.038461538461538464,
        "f1-score": 0.06666666666666667,
        "support": 26.0
    },
    "External Causes of Morbidity and Mortality": {
        "precision": 0.7272727272727273,
        "recall": 0.851063829787234,
        "f1-score": 0.7843137254901961,
        "support": 94.0
    },
    "Hemorrhagic fever": {
        "precision": 0.0,
        "recall": 0.0,
        "f1-score": 0.0,
        "support": 4.0
    },
    "Injury, Poisoning and External Causes": {
        "precision": 0.8,
        "recall": 0.4444444444444444,
        "f1-score": 0.5714285714285714,
        "support": 18.0
    },
    "Neoplasms": {
        "precision": 0.4594594594594595,
        "recall": 0.4594594594594595,
        "f1-score": 0.4594594594594595,
        "support": 37.0
    },
    "Other Cardiovascular Diseases": {
        "precision": 0.21428571428571427,
        "recall": 0.09375,
        "f1-score": 0.13043478260869565,
        "support": 32.0
    },
    "Other Defined Causes of Child Deaths": {
        "precision": 1.0,
        "recall": 0.07692307692307693,
        "f1-score": 0.14285714285714285,
        "support": 13.0
    },
    "Other Infectious Diseases": {
        "precision": 0.2777777777777778,
        "recall": 0.2,
        "f1-score": 0.23255813953488372,
        "support": 25.0
    },
    "Other Injuries": {
        "precision": 1.0,
        "recall": 0.125,
        "f1-score": 0.2222222222222222,
        "support": 8.0
    },
    "Other Non-communicable Diseases": {
        "precision": 0.5882352941176471,
        "recall": 0.2631578947368421,
        "f1-score": 0.36363636363636365,
        "support": 38.0
    },
    "Pregnancy, childbirth and the puerperium": {
        "precision": 0.6870229007633588,
        "recall": 0.782608695652174,
        "f1-score": 0.7317073170731707,
        "support": 115.0
    },
    "accuracy": 0.5044814340588989,
    "macro avg": {
        "precision": 0.4682483396807886,
        "recall": 0.3213266361046436,
        "f1-score": 0.33460781416741514,
        "support": 781.0
    },
    "weighted avg": {
        "precision": 0.513371514525179,
        "recall": 0.5044814340588989,
        "f1-score": 0.4812942440702003,
        "support": 781.0
    }
}