{
    "Dev": {
        "accuracy": 0.4820971867007673,
        "macro avg": {
            "precision": 0.37923720879734135,
            "recall": 0.30936023478085994,
            "f1-score": 0.3190676074873653
        },
        "weighted avg": {
            "precision": 0.4690004515123507,
            "recall": 0.4820971867007673,
            "f1-score": 0.464871494515586
        },
        "classification_report": {
            "Birth asphyxia": {
                "precision": 0.2631578947368421,
                "recall": 0.2,
                "f1-score": 0.22727272727272727,
                "support": 25.0
            },
            "Certain infectious and Parasitic Diseases": {
                "precision": 0.4358974358974359,
                "recall": 0.4722222222222222,
                "f1-score": 0.4533333333333333,
                "support": 108.0
            },
            "Congenital malformation": {
                "precision": 0.0,
                "recall": 0.0,
                "f1-score": 0.0,
                "support": 14.0
            },
            "Diseases of Respiratory System": {
                "precision": 0.3783783783783784,
                "recall": 0.6021505376344086,
                "f1-score": 0.46473029045643155,
                "support": 93.0
            },
            "Diseases of the Digestive System": {
                "precision": 0.3888888888888889,
                "recall": 0.2916666666666667,
                "f1-score": 0.3333333333333333,
                "support": 24.0
            },
            "Diseases of the Genitourinary System": {
                "precision": 0.2962962962962963,
                "recall": 0.27586206896551724,
                "f1-score": 0.2857142857142857,
                "support": 29.0
            },
            "Diseases of the Nervous System": {
                "precision": 0.0,
                "recall": 0.0,
                "f1-score": 0.0,
                "support": 3.0
            },
            "Diseases of the circulatory system": {
                "precision": 0.4943820224719101,
                "recall": 0.5789473684210527,
                "f1-score": 0.5333333333333333,
                "support": 76.0
            },
            "Endocrine, Nutritional and Metabolic Diseases": {
                "precision": 0.19047619047619047,
                "recall": 0.15384615384615385,
                "f1-score": 0.1702127659574468,
                "support": 26.0
            },
            "External Causes of Morbidity and Mortality": {
                "precision": 0.7789473684210526,
                "recall": 0.7789473684210526,
                "f1-score": 0.7789473684210526,
                "support": 95.0
            },
            "Hemorrhagic fever": {
                "precision": 0.0,
                "recall": 0.0,
                "f1-score": 0.0,
                "support": 3.0
            },
            "Injury, Poisoning and External Causes": {
                "precision": 0.8,
                "recall": 0.7058823529411765,
                "f1-score": 0.75,
                "support": 17.0
            },
            "Neoplasms": {
                "precision": 0.7037037037037037,
                "recall": 0.5,
                "f1-score": 0.5846153846153846,
                "support": 38.0
            },
            "Other Cardiovascular Diseases": {
                "precision": 0.1875,
                "recall": 0.1875,
                "f1-score": 0.1875,
                "support": 32.0
            },
            "Other Defined Causes of Child Deaths": {
                "precision": 0.25,
                "recall": 0.08333333333333333,
                "f1-score": 0.125,
                "support": 12.0
            },
            "Other Infectious Diseases": {
                "precision": 0.09090909090909091,
                "recall": 0.04,
                "f1-score": 0.05555555555555555,
                "support": 25.0
            },
            "Other Injuries": {
                "precision": 1.0,
                "recall": 0.125,
                "f1-score": 0.2222222222222222,
                "support": 8.0
            },
            "Other Non-communicable Diseases": {
                "precision": 0.3333333333333333,
                "recall": 0.18421052631578946,
                "f1-score": 0.23728813559322035,
                "support": 38.0
            },
            "Pregnancy, childbirth and the puerperium": {
                "precision": 0.6136363636363636,
                "recall": 0.6982758620689655,
                "f1-score": 0.6532258064516129,
                "support": 116.0
            },
            "accuracy": 0.4820971867007673,
            "macro avg": {
                "precision": 0.37923720879734135,
                "recall": 0.30936023478085994,
                "f1-score": 0.3190676074873653,
                "support": 782.0
            },
            "weighted avg": {
                "precision": 0.4690004515123507,
                "recall": 0.4820971867007673,
                "f1-score": 0.464871494515586,
                "support": 782.0
            }
        }
    },
    "Test": {
        "accuracy": 0.4673495518565941,
        "macro avg": {
            "precision": 0.34299748646248635,
            "recall": 0.28631000182457794,
            "f1-score": 0.29877720077185954
        },
        "weighted avg": {
            "precision": 0.4549283940332716,
            "recall": 0.4673495518565941,
            "f1-score": 0.450758514853259
        },
        "classification_report": {
            "Birth asphyxia": {
                "precision": 0.5294117647058824,
                "recall": 0.34615384615384615,
                "f1-score": 0.4186046511627907,
                "support": 26.0
            },
            "Certain infectious and Parasitic Diseases": {
                "precision": 0.40714285714285714,
                "recall": 0.5327102803738317,
                "f1-score": 0.46153846153846156,
                "support": 107.0
            },
            "Congenital malformation": {
                "precision": 0.3333333333333333,
                "recall": 0.07142857142857142,
                "f1-score": 0.11764705882352941,
                "support": 14.0
            },
            "Diseases of Respiratory System": {
                "precision": 0.26717557251908397,
                "recall": 0.3763440860215054,
                "f1-score": 0.3125,
                "support": 93.0
            },
            "Diseases of the Digestive System": {
                "precision": 0.3333333333333333,
                "recall": 0.12,
                "f1-score": 0.17647058823529413,
                "support": 25.0
            },
            "Diseases of the Genitourinary System": {
                "precision": 0.23076923076923078,
                "recall": 0.21428571428571427,
                "f1-score": 0.2222222222222222,
                "support": 28.0
            },
            "Diseases of the Nervous System": {
                "precision": 0.0,
                "recall": 0.0,
                "f1-score": 0.0,
                "support": 3.0
            },
            "Diseases of the circulatory system": {
                "precision": 0.5555555555555556,
                "recall": 0.6,
                "f1-score": 0.5769230769230769,
                "support": 75.0
            },
            "Endocrine, Nutritional and Metabolic Diseases": {
                "precision": 0.3125,
                "recall": 0.19230769230769232,
                "f1-score": 0.23809523809523808,
                "support": 26.0
            },
            "External Causes of Morbidity and Mortality": {
                "precision": 0.7676767676767676,
                "recall": 0.8085106382978723,
                "f1-score": 0.7875647668393783,
                "support": 94.0
            },
            "Hemorrhagic fever": {
                "precision": 0.0,
                "recall": 0.0,