{
    "Dev": {
        "accuracy": 0.46547314578005117,
        "macro avg": {
            "precision": 0.35276843012812903,
            "recall": 0.33412327769330097,
            "f1-score": 0.33824442691302836
        },
        "weighted avg": {
            "precision": 0.45092352097992966,
            "recall": 0.46547314578005117,
            "f1-score": 0.4533061663477873
        },
        "classification_report": {
            "Birth asphyxia": {
                "precision": 0.23529411764705882,
                "recall": 0.16,
                "f1-score": 0.19047619047619047,
                "support": 25.0
            },
            "Certain infectious and Parasitic Diseases": {
                "precision": 0.4166666666666667,
                "recall": 0.4166666666666667,
                "f1-score": 0.4166666666666667,
                "support": 108.0
            },
            "Congenital malformation": {
                "precision": 0.0,
                "recall": 0.0,
                "f1-score": 0.0,
                "support": 14.0
            },
            "Diseases of Respiratory System": {
                "precision": 0.34265734265734266,
                "recall": 0.5268817204301075,
                "f1-score": 0.4152542372881356,
                "support": 93.0
            },
            "Diseases of the Digestive System": {
                "precision": 0.5,
                "recall": 0.4166666666666667,
                "f1-score": 0.45454545454545453,
                "support": 24.0
            },
            "Diseases of the Genitourinary System": {
                "precision": 0.16666666666666666,
                "recall": 0.10344827586206896,
                "f1-score": 0.1276595744680851,
                "support": 29.0
            },
            "Diseases of the Nervous System": {
                "precision": 0.3333333333333333,
                "recall": 0.3333333333333333,
                "f1-score": 0.3333333333333333,
                "support": 3.0
            },
            "Diseases of the circulatory system": {
                "precision": 0.5053763440860215,
                "recall": 0.618421052631579,
                "f1-score": 0.5562130177514792,
                "support": 76.0
            },
            "Endocrine, Nutritional and Metabolic Diseases": {
                "precision": 0.11538461538461539,
                "recall": 0.11538461538461539,
                "f1-score": 0.11538461538461539,
                "support": 26.0
            },
            "External Causes of Morbidity and Mortality": {
                "precision": 0.8023255813953488,
                "recall": 0.7263157894736842,
                "f1-score": 0.7624309392265194,
                "support": 95.0
            },
            "Hemorrhagic fever": {
                "precision": 0.5,
                "recall": 0.3333333333333333,
                "f1-score": 0.4,
                "support": 3.0
            },
            "Injury, Poisoning and External Causes": {
                "precision": 0.631578947368421,
                "recall": 0.7058823529411765,
                "f1-score": 0.6666666666666666,
                "support": 17.0
            },
            "Neoplasms": {
                "precision": 0.5641025641025641,
                "recall": 0.5789473684210527,
                "f1-score": 0.5714285714285714,
                "support": 38.0
            },
            "Other Cardiovascular Diseases": {
                "precision": 0.17391304347826086,
                "recall": 0.125,
                "f1-score": 0.14545454545454545,
                "support": 32.0
            },
            "Other Defined Causes of Child Deaths": {
                "precision": 0.14285714285714285,
                "recall": 0.08333333333333333,
                "f1-score": 0.10526315789473684,
                "support": 12.0
            },
            "Other Infectious Diseases": {
                "precision": 0.11764705882352941,
                "recall": 0.08,
                "f1-score": 0.09523809523809523,
                "support": 25.0
            },
            "Other Injuries": {
                "precision": 0.2,
                "recall": 0.125,
                "f1-score": 0.15384615384615385,
                "support": 8.0
            },
            "Other Non-communicable Diseases": {
                "precision": 0.28,
                "recall": 0.18421052631578946,
                "f1-score": 0.2222222222222222,
                "support": 38.0
            },
            "Pregnancy, childbirth and the puerperium": {
                "precision": 0.6747967479674797,
                "recall": 0.7155172413793104,
                "f1-score": 0.694560669456067,
                "support": 116.0
            },
            "accuracy": 0.46547314578005117,
            "macro avg": {
                "precision": 0.35276843012812903,
                "recall": 0.33412327769330097,
                "f1-score": 0.33824442691302836,
                "support": 782.0
            },
            "weighted avg": {
                "precision": 0.45092352097992966,
                "recall": 0.46547314578005117,
                "f1-score": 0.4533061663477873,
                "support": 782.0
            }
        }
    },
    "Test": {
        "accuracy": 0.4494238156209987,
        "macro avg": {
            "precision": 0.33262417164694397,
            "recall": 0.29639419670610156,
            "f1-score": 0.3075912748584648
        },
        "weighted avg": {
            "precision": 0.44529086153872494,
            "recall": 0.4494238156209987,
            "f1-score": 0.44305600663395994
        },
        "classification_report": {
            "Birth asphyxia": {
                "precision": 0.4583333333333333,
                "recall": 0.4230769230769231,
                "f1-score": 0.44,
                "support": 26.0
            },
            "Certain infectious and Parasitic Diseases": {
                "precision": 0.3983050847457627,
                "recall": 0.4392523364485981,
                "f1-score": 0.4177777777777778,
                "support": 107.0
            },
            "Congenital malformation": {
                "precision": 0.2857142857142857,
                "recall": 0.14285714285714285,
                "f1-score": 0.19047619047619047,
                "support": 14.0
            },
            "Diseases of Respiratory System": {
                "precision": 0.291044776119403,
                "recall": 0.41935483870967744,
                "f1-score": 0.3436123348017621,
                "support": 93.0
            },
            "Diseases of the Digestive System": {
                "precision": 0.3125,
                "recall": 0.2,
                "f1-score": 0.24390243902439024,
                "support": 25.0
            },
            "Diseases of the Genitourinary System": {
                "precision": 0.17391304347826086,
                "recall": 0.14285714285714285,
                "f1-score": 0.1568627450980392,
                "support": 28.0
            },
            "Diseases of the Nervous System": {
                "precision": 0.0,
                "recall": 0.0,
                "f1-score": 0.0,
                "support": 3.0
            },
            "Diseases of the circulatory system": {
                "precision": 0.48863636363636365,
                "recall": 0.5733333333333334,
                "f1-score": 0.5276073619631901,
                "support": 75.0
            },
            "Endocrine, Nutritional and Metabolic Diseases": {
                "precision": 0.23076923076923078,
                "recall": 0.23076923076923078,
                "f1-score": 0.23076923076923078,
                "support": 26.0
            },
            "External Causes of Morbidity and Mortality": {
                "precision": 0.72,
                "recall": 0.7659574468085106,
                "f1-score": 0.7422680412371134,