{
    "Dev": {
        "accuracy": 0.520460358056266,
        "macro avg": {
            "precision": 0.43682181411777704,
            "recall": 0.35162965677697927,
            "f1-score": 0.3671743649814664
        },
        "weighted avg": {
            "precision": 0.49125075291775944,
            "recall": 0.520460358056266,
            "f1-score": 0.49320468306434606
        },
        "classification_report": {
            "Birth asphyxia": {
                "precision": 0.3,
                "recall": 0.12,
                "f1-score": 0.17142857142857143,
                "support": 25.0
            },
            "Certain infectious and Parasitic Diseases": {
                "precision": 0.4253731343283582,
                "recall": 0.5277777777777778,
                "f1-score": 0.47107438016528924,
                "support": 108.0
            },
            "Congenital malformation": {
                "precision": 0.0,
                "recall": 0.0,
                "f1-score": 0.0,
                "support": 14.0
            },
            "Diseases of Respiratory System": {
                "precision": 0.40476190476190477,
                "recall": 0.5483870967741935,
                "f1-score": 0.4657534246575342,
                "support": 93.0
            },
            "Diseases of the Digestive System": {
                "precision": 0.45454545454545453,
                "recall": 0.4166666666666667,
                "f1-score": 0.43478260869565216,
                "support": 24.0
            },
            "Diseases of the Genitourinary System": {
                "precision": 0.5217391304347826,
                "recall": 0.41379310344827586,
                "f1-score": 0.46153846153846156,
                "support": 29.0
            },
            "Diseases of the Nervous System": {
                "precision": 1.0,
                "recall": 0.3333333333333333,
                "f1-score": 0.5,
                "support": 3.0
            },
            "Diseases of the circulatory system": {
                "precision": 0.49504950495049505,
                "recall": 0.6578947368421053,
                "f1-score": 0.5649717514124294,
                "support": 76.0
            },
            "Endocrine, Nutritional and Metabolic Diseases": {
                "precision": 0.375,
                "recall": 0.11538461538461539,
                "f1-score": 0.17647058823529413,
                "support": 26.0
            },
            "External Causes of Morbidity and Mortality": {
                "precision": 0.7755102040816326,
                "recall": 0.8,
                "f1-score": 0.7875647668393783,
                "support": 95.0
            },
            "Hemorrhagic fever": {
                "precision": 0.0,
                "recall": 0.0,
                "f1-score": 0.0,
                "support": 3.0
            },
            "Injury, Poisoning and External Causes": {
                "precision": 0.8125,
                "recall": 0.7647058823529411,
                "f1-score": 0.7878787878787878,
                "support": 17.0
            },
            "Neoplasms": {
                "precision": 0.6666666666666666,
                "recall": 0.5263157894736842,
                "f1-score": 0.5882352941176471,
                "support": 38.0
            },
            "Other Cardiovascular Diseases": {
                "precision": 0.25,
                "recall": 0.1875,
                "f1-score": 0.21428571428571427,
                "support": 32.0
            },
            "Other Defined Causes of Child Deaths": {
                "precision": 0.25,
                "recall": 0.08333333333333333,
                "f1-score": 0.125,
                "support": 12.0
            },
            "Other Infectious Diseases": {
                "precision": 0.1,
                "recall": 0.04,
                "f1-score": 0.05714285714285714,
                "support": 25.0
            },
            "Other Injuries": {
                "precision": 0.5,
                "recall": 0.125,
                "f1-score": 0.2,
                "support": 8.0
            },
            "Other Non-communicable Diseases": {
                "precision": 0.3333333333333333,
                "recall": 0.21052631578947367,
                "f1-score": 0.25806451612903225,
                "support": 38.0
            },
            "Pregnancy, childbirth and the puerperium": {
                "precision": 0.6351351351351351,
                "recall": 0.8103448275862069,
                "f1-score": 0.7121212121212122,
                "support": 116.0
            },
            "accuracy": 0.520460358056266,
            "macro avg": {
                "precision": 0.43682181411777704,
                "recall": 0.35162965677697927,
                "f1-score": 0.3671743649814664,
                "support": 782.0
            },
            "weighted avg": {
                "precision": 0.49125075291775944,
                "recall": 0.520460358056266,
                "f1-score": 0.49320468306434606,
                "support": 782.0
            }
        }
    },
    "Test": {
        "accuracy": 0.5147247119078106,
        "macro avg": {
            "precision": 0.4022164013438692,
            "recall": 0.33751883375088504,
            "f1-score": 0.35421171806366986
        },
        "weighted avg": {
            "precision": 0.4993666944183743,
            "recall": 0.5147247119078106,
            "f1-score": 0.49683464718499165
        },
        "classification_report": {
            "Birth asphyxia": {
                "precision": 0.5714285714285714,
                "recall": 0.46153846153846156,
                "f1-score": 0.5106382978723404,
                "support": 26.0
            },
            "Certain infectious and Parasitic Diseases": {
                "precision": 0.44285714285714284,
                "recall": 0.5794392523364486,
                "f1-score": 0.5020242914979757,
                "support": 107.0
            },
            "Congenital malformation": {
                "precision": 0.0,
                "recall": 0.0,
                "f1-score": 0.0,
                "support": 14.0
            },
            "Diseases of Respiratory System": {
                "precision": 0.3225806451612903,
                "recall": 0.43010752688172044,
                "f1-score": 0.3686635944700461,
                "support": 93.0
            },
            "Diseases of the Digestive System": {
                "precision": 0.7,
                "recall": 0.28,
                "f1-score": 0.4,
                "support": 25.0
            },
            "Diseases of the Genitourinary System": {
                "precision": 0.32,
                "recall": 0.2857142857142857,
                "f1-score": 0.3018867924528302,
                "support": 28.0
            },
            "Diseases of the Nervous System": {
                "precision": 0.0,
                "recall": 0.0,
                "f1-score": 0.0,
                "support": 3.0
            },
            "Diseases of the circulatory system": {
                "precision": 0.5274725274725275,
                "recall": 0.64,
                "f1-score": 0.5783132530120482,
                "support": 75.0
            },
            "Endocrine, Nutritional and Metabolic Diseases": {
                "precision": 0.3125,
                "recall": 0.19230769230769232,
                "f1-score": 0.23809523809523808,
                "support": 26.0
            },
            "External Causes of Morbidity and Mortality": {
                "precision": 0.7358490566037735,
                "recall": 0.8297872340425532,
                "f1-score": 0.78,
                "support": 94.0
            },
            "Hemorrhagic fever": {
                "precision": 0.0,
                "recall": 0.0,
                "f1-score": 0.0,
                "support": 4.0
            },