{
    "Birth asphyxia": {
        "precision": 0.5263157894736842,
        "recall": 0.38461538461538464,
        "f1-score": 0.4444444444444444,
        "support": 26.0
    },
    "Certain infectious and Parasitic Diseases": {
        "precision": 0.4421768707482993,
        "recall": 0.6074766355140186,
        "f1-score": 0.5118110236220472,
        "support": 107.0
    },
    "Congenital malformation": {
        "precision": 0.0,
        "recall": 0.0,
        "f1-score": 0.0,
        "support": 14.0
    },
    "Diseases of Respiratory System": {
        "precision": 0.33858267716535434,
        "recall": 0.46236559139784944,
        "f1-score": 0.39090909090909093,
        "support": 93.0
    },
    "Diseases of the Digestive System": {
        "precision": 0.3333333333333333,
        "recall": 0.08,
        "f1-score": 0.12903225806451613,
        "support": 25.0
    },
    "Diseases of the Genitourinary System": {
        "precision": 0.38461538461538464,
        "recall": 0.35714285714285715,
        "f1-score": 0.37037037037037035,
        "support": 28.0
    },
    "Diseases of the Nervous System": {
        "precision": 0.0,
        "recall": 0.0,
        "f1-score": 0.0,
        "support": 3.0
    },
    "Diseases of the circulatory system": {
        "precision": 0.4946236559139785,
        "recall": 0.6133333333333333,
        "f1-score": 0.5476190476190477,
        "support": 75.0
    },
    "Endocrine, Nutritional and Metabolic Diseases": {
        "precision": 0.2777777777777778,
        "recall": 0.19230769230769232,
        "f1-score": 0.22727272727272727,
        "support": 26.0
    },
    "External Causes of Morbidity and Mortality": {
        "precision": 0.6666666666666666,
        "recall": 0.7446808510638298,
        "f1-score": 0.7035175879396985,
        "support": 94.0
    },
    "Hemorrhagic fever": {
        "precision": 0.0,
        "recall": 0.0,
        "f1-score": 0.0,
        "support": 4.0
    },
    "Injury, Poisoning and External Causes": {
        "precision": 0.8,
        "recall": 0.4444444444444444,
        "f1-score": 0.5714285714285714,
        "support": 18.0
    },
    "Neoplasms": {
        "precision": 0.5483870967741935,
        "recall": 0.4594594594594595,
        "f1-score": 0.5,
        "support": 37.0
    },
    "Other Cardiovascular Diseases": {
        "precision": 0.32142857142857145,
        "recall": 0.28125,
        "f1-score": 0.3,
        "support": 32.0
    },
    "Other Defined Causes of Child Deaths": {
        "precision": 0.6666666666666666,
        "recall": 0.15384615384615385,
        "f1-score": 0.25,
        "support": 13.0
    },
    "Other Infectious Diseases": {
        "precision": 0.25,
        "recall": 0.12,
        "f1-score": 0.16216216216216217,
        "support": 25.0
    },
    "Other Injuries": {
        "precision": 1.0,
        "recall": 0.25,
        "f1-score": 0.4,
        "support": 8.0
    },
    "Other Non-communicable Diseases": {
        "precision": 0.5625,
        "recall": 0.23684210526315788,
        "f1-score": 0.3333333333333333,
        "support": 38.0
    },
    "Pregnancy, childbirth and the puerperium": {
        "precision": 0.717391304347826,
        "recall": 0.8608695652173913,
        "f1-score": 0.782608695652174,
        "support": 115.0
    },
    "accuracy": 0.5121638924455826,
    "macro avg": {
        "precision": 0.4384455681532493,
        "recall": 0.328875477558188,
        "f1-score": 0.3486583848851675,
        "support": 781.0
    },
    "weighted avg": {
        "precision": 0.49979674185760464,
        "recall": 0.5121638924455826,
        "f1-score": 0.48775629335842446,
        "support": 781.0
    }
}