{
    "Dev": {
        "accuracy": 0.46547314578005117,
        "macro avg": {
            "precision": 0.36361575245722094,
            "recall": 0.33282178529261475,
            "f1-score": 0.3438971130528632
        },
        "weighted avg": {
            "precision": 0.46017034411450586,
            "recall": 0.46547314578005117,
            "f1-score": 0.4600011105192445
        },
        "classification_report": {
            "Birth asphyxia": {
                "precision": 0.3,
                "recall": 0.24,
                "f1-score": 0.26666666666666666,
                "support": 25.0
            },
            "Certain infectious and Parasitic Diseases": {
                "precision": 0.4230769230769231,
                "recall": 0.5092592592592593,
                "f1-score": 0.46218487394957986,
                "support": 108.0
            },
            "Congenital malformation": {
                "precision": 0.08333333333333333,
                "recall": 0.07142857142857142,
                "f1-score": 0.07692307692307693,
                "support": 14.0
            },
            "Diseases of Respiratory System": {
                "precision": 0.36538461538461536,
                "recall": 0.40860215053763443,
                "f1-score": 0.38578680203045684,
                "support": 93.0
            },
            "Diseases of the Digestive System": {
                "precision": 0.2413793103448276,
                "recall": 0.2916666666666667,
                "f1-score": 0.2641509433962264,
                "support": 24.0
            },
            "Diseases of the Genitourinary System": {
                "precision": 0.23809523809523808,
                "recall": 0.1724137931034483,
                "f1-score": 0.2,
                "support": 29.0
            },
            "Diseases of the Nervous System": {
                "precision": 0.5,
                "recall": 0.3333333333333333,
                "f1-score": 0.4,
                "support": 3.0
            },
            "Diseases of the circulatory system": {
                "precision": 0.5584415584415584,
                "recall": 0.5657894736842105,
                "f1-score": 0.5620915032679739,
                "support": 76.0
            },
            "Endocrine, Nutritional and Metabolic Diseases": {
                "precision": 0.15384615384615385,
                "recall": 0.15384615384615385,
                "f1-score": 0.15384615384615385,
                "support": 26.0
            },
            "External Causes of Morbidity and Mortality": {
                "precision": 0.797752808988764,
                "recall": 0.7473684210526316,
                "f1-score": 0.7717391304347826,
                "support": 95.0
            },
            "Hemorrhagic fever": {
                "precision": 0.0,
                "recall": 0.0,
                "f1-score": 0.0,
                "support": 3.0
            },
            "Injury, Poisoning and External Causes": {
                "precision": 0.8,
                "recall": 0.7058823529411765,
                "f1-score": 0.75,
                "support": 17.0
            },
            "Neoplasms": {
                "precision": 0.4666666666666667,
                "recall": 0.3684210526315789,
                "f1-score": 0.4117647058823529,
                "support": 38.0
            },
            "Other Cardiovascular Diseases": {
                "precision": 0.1724137931034483,
                "recall": 0.15625,
                "f1-score": 0.16393442622950818,
                "support": 32.0
            },
            "Other Defined Causes of Child Deaths": {
                "precision": 0.13333333333333333,
                "recall": 0.16666666666666666,
                "f1-score": 0.14814814814814814,
                "support": 12.0
            },
            "Other Infectious Diseases": {
                "precision": 0.26666666666666666,
                "recall": 0.16,
                "f1-score": 0.2,
                "support": 25.0
            },
            "Other Injuries": {
                "precision": 0.4,
                "recall": 0.25,
                "f1-score": 0.3076923076923077,
                "support": 8.0
            },
            "Other Non-communicable Diseases": {
                "precision": 0.3870967741935484,
                "recall": 0.3157894736842105,
                "f1-score": 0.34782608695652173,
                "support": 38.0
            },
            "Pregnancy, childbirth and the puerperium": {
                "precision": 0.6212121212121212,
                "recall": 0.7068965517241379,
                "f1-score": 0.6612903225806451,
                "support": 116.0
            },
            "accuracy": 0.46547314578005117,
            "macro avg": {
                "precision": 0.36361575245722094,
                "recall": 0.33282178529261475,
                "f1-score": 0.3438971130528632,
                "support": 782.0
            },
            "weighted avg": {
                "precision": 0.46017034411450586,
                "recall": 0.46547314578005117,
                "f1-score": 0.4600011105192445,
                "support": 782.0
            }
        }
    },
    "Test": {
        "accuracy": 0.4379001280409731,
        "macro avg": {
            "precision": 0.34754575387220393,
            "recall": 0.2850751835979646,
            "f1-score": 0.2956214639341495
        },
        "weighted avg": {
            "precision": 0.4327982957894405,
            "recall": 0.4379001280409731,
            "f1-score": 0.42673996733126013
        },
        "classification_report": {
            "Birth asphyxia": {
                "precision": 0.44,
                "recall": 0.4230769230769231,
                "f1-score": 0.43137254901960786,
                "support": 26.0
            },
            "Certain infectious and Parasitic Diseases": {
                "precision": 0.37037037037037035,
                "recall": 0.4672897196261682,
                "f1-score": 0.4132231404958678,
                "support": 107.0
            },
            "Congenital malformation": {
                "precision": 0.5,
                "recall": 0.07142857142857142,
                "f1-score": 0.125,
                "support": 14.0
            },
            "Diseases of Respiratory System": {
                "precision": 0.29292929292929293,
                "recall": 0.3118279569892473,
                "f1-score": 0.3020833333333333,
                "support": 93.0
            },
            "Diseases of the Digestive System": {
                "precision": 0.2,
                "recall": 0.16,
                "f1-score": 0.17777777777777778,
                "support": 25.0
            },
            "Diseases of the Genitourinary System": {
                "precision": 0.17142857142857143,
                "recall": 0.21428571428571427,
                "f1-score": 0.19047619047619047,
                "support": 28.0
            },
            "Diseases of the Nervous System": {
                "precision": 0.0,
                "recall": 0.0,
                "f1-score": 0.0,
                "support": 3.0
            },
            "Diseases of the circulatory system": {
                "precision": 0.55,
                "recall": 0.5866666666666667,
                "f1-score": 0.567741935483871,
                "support": 75.0
            },
            "Endocrine, Nutritional and Metabolic Diseases": {
                "precision": 0.2,
                "recall": 0.19230769230769232,
                "f1-score": 0.19607843137254902,
                "support": 26.0
            },
            "External Causes of Morbidity and Mortality": {
                "precision": 0.6761904761904762,
                "recall": 0.7553191489361702,
                "f1-score": 0.7135678391959799,
                "support": 94.0
            },