{
    "Birth asphyxia": {
        "precision": 0.35135135135135137,
        "recall": 0.5,
        "f1-score": 0.4126984126984127,
        "support": 26.0
    },
    "Certain infectious and Parasitic Diseases": {
        "precision": 0.5299145299145299,
        "recall": 0.5794392523364486,
        "f1-score": 0.5535714285714286,
        "support": 107.0
    },
    "Congenital malformation": {
        "precision": 0.125,
        "recall": 0.07142857142857142,
        "f1-score": 0.09090909090909091,
        "support": 14.0
    },
    "Diseases of Respiratory System": {
        "precision": 0.44565217391304346,
        "recall": 0.44086021505376344,
        "f1-score": 0.44324324324324327,
        "support": 93.0
    },
    "Diseases of the Digestive System": {
        "precision": 0.25,
        "recall": 0.08,
        "f1-score": 0.12121212121212122,
        "support": 25.0
    },
    "Diseases of the Genitourinary System": {
        "precision": 0.45454545454545453,
        "recall": 0.17857142857142858,
        "f1-score": 0.2564102564102564,
        "support": 28.0
    },
    "Diseases of the Nervous System": {
        "precision": 0.0,
        "recall": 0.0,
        "f1-score": 0.0,
        "support": 3.0
    },
    "Diseases of the circulatory system": {
        "precision": 0.42276422764227645,
        "recall": 0.6933333333333334,
        "f1-score": 0.5252525252525253,
        "support": 75.0
    },
    "Endocrine, Nutritional and Metabolic Diseases": {
        "precision": 0.2,
        "recall": 0.19230769230769232,
        "f1-score": 0.19607843137254902,
        "support": 26.0
    },
    "External Causes of Morbidity and Mortality": {
        "precision": 0.5510204081632653,
        "recall": 0.8617021276595744,
        "f1-score": 0.6721991701244814,
        "support": 94.0
    },
    "Hemorrhagic fever": {
        "precision": 0.0,
        "recall": 0.0,
        "f1-score": 0.0,
        "support": 4.0
    },
    "Injury, Poisoning and External Causes": {
        "precision": 0.8571428571428571,
        "recall": 0.3333333333333333,
        "f1-score": 0.48,
        "support": 18.0
    },
    "Neoplasms": {
        "precision": 0.631578947368421,
        "recall": 0.32432432432432434,
        "f1-score": 0.42857142857142855,
        "support": 37.0
    },
    "Other Cardiovascular Diseases": {
        "precision": 0.23529411764705882,
        "recall": 0.125,
        "f1-score": 0.16326530612244897,
        "support": 32.0
    },
    "Other Defined Causes of Child Deaths": {
        "precision": 0.6,
        "recall": 0.23076923076923078,
        "f1-score": 0.3333333333333333,
        "support": 13.0
    },
    "Other Infectious Diseases": {
        "precision": 0.3333333333333333,
        "recall": 0.2,
        "f1-score": 0.25,
        "support": 25.0
    },
    "Other Injuries": {
        "precision": 0.5,
        "recall": 0.125,
        "f1-score": 0.2,
        "support": 8.0
    },
    "Other Non-communicable Diseases": {
        "precision": 0.3111111111111111,
        "recall": 0.3684210526315789,
        "f1-score": 0.3373493975903614,
        "support": 38.0
    },
    "Pregnancy, childbirth and the puerperium": {
        "precision": 0.7669902912621359,
        "recall": 0.6869565217391305,
        "f1-score": 0.7247706422018348,
        "support": 115.0
    },
    "accuracy": 0.4942381562099872,
    "macro avg": {
        "precision": 0.3981946738628862,
        "recall": 0.3153393201836005,
        "f1-score": 0.32572972566386926,
        "support": 781.0
    },
    "weighted avg": {
        "precision": 0.49065043978784034,
        "recall": 0.4942381562099872,
        "f1-score": 0.47172600286915095,
        "support": 781.0
    }
}