{
    "Dev": {
        "accuracy": 0.520460358056266,
        "macro avg": {
            "precision": 0.44082068897868565,
            "recall": 0.3563493246637242,
            "f1-score": 0.3732919415229419
        },
        "weighted avg": {
            "precision": 0.49528674882383433,
            "recall": 0.520460358056266,
            "f1-score": 0.4963468996403008
        },
        "classification_report": {
            "Birth asphyxia": {
                "precision": 0.3333333333333333,
                "recall": 0.16,
                "f1-score": 0.21621621621621623,
                "support": 25.0
            },
            "Certain infectious and Parasitic Diseases": {
                "precision": 0.416,
                "recall": 0.48148148148148145,
                "f1-score": 0.44635193133047213,
                "support": 108.0
            },
            "Congenital malformation": {
                "precision": 0.0,
                "recall": 0.0,
                "f1-score": 0.0,
                "support": 14.0
            },
            "Diseases of Respiratory System": {
                "precision": 0.40458015267175573,
                "recall": 0.5698924731182796,
                "f1-score": 0.4732142857142857,
                "support": 93.0
            },
            "Diseases of the Digestive System": {
                "precision": 0.45454545454545453,
                "recall": 0.4166666666666667,
                "f1-score": 0.43478260869565216,
                "support": 24.0
            },
            "Diseases of the Genitourinary System": {
                "precision": 0.5238095238095238,
                "recall": 0.3793103448275862,
                "f1-score": 0.44,
                "support": 29.0
            },
            "Diseases of the Nervous System": {
                "precision": 1.0,
                "recall": 0.3333333333333333,
                "f1-score": 0.5,
                "support": 3.0
            },
            "Diseases of the circulatory system": {
                "precision": 0.5,
                "recall": 0.6710526315789473,
                "f1-score": 0.5730337078651685,
                "support": 76.0
            },
            "Endocrine, Nutritional and Metabolic Diseases": {
                "precision": 0.2727272727272727,
                "recall": 0.11538461538461539,
                "f1-score": 0.16216216216216217,
                "support": 26.0
            },
            "External Causes of Morbidity and Mortality": {
                "precision": 0.7978723404255319,
                "recall": 0.7894736842105263,
                "f1-score": 0.7936507936507936,
                "support": 95.0
            },
            "Hemorrhagic fever": {
                "precision": 0.0,
                "recall": 0.0,
                "f1-score": 0.0,
                "support": 3.0
            },
            "Injury, Poisoning and External Causes": {
                "precision": 0.8125,
                "recall": 0.7647058823529411,
                "f1-score": 0.7878787878787878,
                "support": 17.0
            },
            "Neoplasms": {
                "precision": 0.6666666666666666,
                "recall": 0.5789473684210527,
                "f1-score": 0.6197183098591549,
                "support": 38.0
            },
            "Other Cardiovascular Diseases": {
                "precision": 0.24,
                "recall": 0.1875,
                "f1-score": 0.21052631578947367,
                "support": 32.0
            },
            "Other Defined Causes of Child Deaths": {
                "precision": 0.25,
                "recall": 0.08333333333333333,
                "f1-score": 0.125,
                "support": 12.0
            },
            "Other Infectious Diseases": {
                "precision": 0.23076923076923078,
                "recall": 0.12,
                "f1-score": 0.15789473684210525,
                "support": 25.0
            },
            "Other Injuries": {
                "precision": 0.5,
                "recall": 0.125,
                "f1-score": 0.2,
                "support": 8.0
            },
            "Other Non-communicable Diseases": {
                "precision": 0.3333333333333333,
                "recall": 0.18421052631578946,
                "f1-score": 0.23728813559322035,
                "support": 38.0
            },
            "Pregnancy, childbirth and the puerperium": {
                "precision": 0.6394557823129252,
                "recall": 0.8103448275862069,
                "f1-score": 0.714828897338403,
                "support": 116.0
            },
            "accuracy": 0.520460358056266,
            "macro avg": {
                "precision": 0.44082068897868565,
                "recall": 0.3563493246637242,
                "f1-score": 0.3732919415229419,
                "support": 782.0
            },
            "weighted avg": {
                "precision": 0.49528674882383433,
                "recall": 0.520460358056266,
                "f1-score": 0.4963468996403008,
                "support": 782.0
            }
        }
    },
    "Test": {
        "accuracy": 0.5211267605633803,
        "macro avg": {
            "precision": 0.413945246293689,
            "recall": 0.35200997279451685,
            "f1-score": 0.36766280158832787
        },
        "weighted avg": {
            "precision": 0.5122826461880898,
            "recall": 0.5211267605633803,
            "f1-score": 0.5072247197835336
        },
        "classification_report": {
            "Birth asphyxia": {
                "precision": 0.55,
                "recall": 0.4230769230769231,
                "f1-score": 0.4782608695652174,
                "support": 26.0
            },
            "Certain infectious and Parasitic Diseases": {
                "precision": 0.4444444444444444,
                "recall": 0.5607476635514018,
                "f1-score": 0.49586776859504134,
                "support": 107.0
            },
            "Congenital malformation": {
                "precision": 0.0,
                "recall": 0.0,
                "f1-score": 0.0,
                "support": 14.0
            },
            "Diseases of Respiratory System": {
                "precision": 0.325,
                "recall": 0.41935483870967744,
                "f1-score": 0.36619718309859156,
                "support": 93.0
            },
            "Diseases of the Digestive System": {
                "precision": 0.8888888888888888,
                "recall": 0.32,
                "f1-score": 0.47058823529411764,
                "support": 25.0
            },
            "Diseases of the Genitourinary System": {
                "precision": 0.2692307692307692,
                "recall": 0.25,
                "f1-score": 0.25925925925925924,
                "support": 28.0
            },
            "Diseases of the Nervous System": {
                "precision": 0.0,
                "recall": 0.0,
                "f1-score": 0.0,
                "support": 3.0
            },
            "Diseases of the circulatory system": {
                "precision": 0.5161290322580645,
                "recall": 0.64,
                "f1-score": 0.5714285714285714,
                "support": 75.0
            },
            "Endocrine, Nutritional and Metabolic Diseases": {
                "precision": 0.3888888888888889,
                "recall": 0.2692307692307692,
                "f1-score": 0.3181818181818182,
                "support": 26.0
            },
            "External Causes of Morbidity and Mortality": {
                "precision": 0.7676767676767676,
                "recall": 0.8085106382978723,
                "f1-score": 0.7875647668393783,
                "support": 94.0
            },
            "Hemorrhagic fever": {
                "precision": 0.0,
                "recall": 0.0,
                "f1-score": 0.0,