{
    "Dev": {
        "accuracy": 0.5012787723785166,
        "macro avg": {
            "precision": 0.43429836451996257,
            "recall": 0.3593496032025859,
            "f1-score": 0.3785496976606817
        },
        "weighted avg": {
            "precision": 0.4773316715541403,
            "recall": 0.5012787723785166,
            "f1-score": 0.4814621040653256
        },
        "classification_report": {
            "Birth asphyxia": {
                "precision": 0.38461538461538464,
                "recall": 0.2,
                "f1-score": 0.2631578947368421,
                "support": 25.0
            },
            "Certain infectious and Parasitic Diseases": {
                "precision": 0.423728813559322,
                "recall": 0.46296296296296297,
                "f1-score": 0.4424778761061947,
                "support": 108.0
            },
            "Congenital malformation": {
                "precision": 0.0,
                "recall": 0.0,
                "f1-score": 0.0,
                "support": 14.0
            },
            "Diseases of Respiratory System": {
                "precision": 0.375,
                "recall": 0.5161290322580645,
                "f1-score": 0.4343891402714932,
                "support": 93.0
            },
            "Diseases of the Digestive System": {
                "precision": 0.4090909090909091,
                "recall": 0.375,
                "f1-score": 0.391304347826087,
                "support": 24.0
            },
            "Diseases of the Genitourinary System": {
                "precision": 0.3333333333333333,
                "recall": 0.2413793103448276,
                "f1-score": 0.28,
                "support": 29.0
            },
            "Diseases of the Nervous System": {
                "precision": 1.0,
                "recall": 0.3333333333333333,
                "f1-score": 0.5,
                "support": 3.0
            },
            "Diseases of the circulatory system": {
                "precision": 0.5,
                "recall": 0.618421052631579,
                "f1-score": 0.5529411764705883,
                "support": 76.0
            },
            "Endocrine, Nutritional and Metabolic Diseases": {
                "precision": 0.15384615384615385,
                "recall": 0.07692307692307693,
                "f1-score": 0.10256410256410256,
                "support": 26.0
            },
            "External Causes of Morbidity and Mortality": {
                "precision": 0.7849462365591398,
                "recall": 0.7684210526315789,
                "f1-score": 0.776595744680851,
                "support": 95.0
            },
            "Hemorrhagic fever": {
                "precision": 0.5,
                "recall": 0.3333333333333333,
                "f1-score": 0.4,
                "support": 3.0
            },
            "Injury, Poisoning and External Causes": {
                "precision": 0.8666666666666667,
                "recall": 0.7647058823529411,
                "f1-score": 0.8125,
                "support": 17.0
            },
            "Neoplasms": {
                "precision": 0.6470588235294118,
                "recall": 0.5789473684210527,
                "f1-score": 0.6111111111111112,
                "support": 38.0
            },
            "Other Cardiovascular Diseases": {
                "precision": 0.2,
                "recall": 0.15625,
                "f1-score": 0.17543859649122806,
                "support": 32.0
            },
            "Other Defined Causes of Child Deaths": {
                "precision": 0.25,
                "recall": 0.08333333333333333,
                "f1-score": 0.125,
                "support": 12.0
            },
            "Other Infectious Diseases": {
                "precision": 0.15789473684210525,
                "recall": 0.12,
                "f1-score": 0.13636363636363635,
                "support": 25.0
            },
            "Other Injuries": {
                "precision": 0.25,
                "recall": 0.125,
                "f1-score": 0.16666666666666666,
                "support": 8.0
            },
            "Other Non-communicable Diseases": {
                "precision": 0.38461538461538464,
                "recall": 0.2631578947368421,
                "f1-score": 0.3125,
                "support": 38.0
            },
            "Pregnancy, childbirth and the puerperium": {
                "precision": 0.6308724832214765,
                "recall": 0.8103448275862069,
                "f1-score": 0.7094339622641509,
                "support": 116.0
            },
            "accuracy": 0.5012787723785166,
            "macro avg": {
                "precision": 0.43429836451996257,
                "recall": 0.3593496032025859,
                "f1-score": 0.3785496976606817,
                "support": 782.0
            },
            "weighted avg": {
                "precision": 0.4773316715541403,
                "recall": 0.5012787723785166,
                "f1-score": 0.4814621040653256,
                "support": 782.0
            }
        }
    },
    "Test": {
        "accuracy": 0.48911651728553135,
        "macro avg": {
            "precision": 0.42571588083139555,
            "recall": 0.34515112407388415,
            "f1-score": 0.36515666826803567
        },
        "weighted avg": {
            "precision": 0.4887991506491592,
            "recall": 0.48911651728553135,
            "f1-score": 0.47969677191817417
        },
        "classification_report": {
            "Birth asphyxia": {
                "precision": 0.4,
                "recall": 0.38461538461538464,
                "f1-score": 0.39215686274509803,
                "support": 26.0
            },
            "Certain infectious and Parasitic Diseases": {
                "precision": 0.3870967741935484,
                "recall": 0.4485981308411215,
                "f1-score": 0.4155844155844156,
                "support": 107.0
            },
            "Congenital malformation": {
                "precision": 0.4,
                "recall": 0.14285714285714285,
                "f1-score": 0.21052631578947367,
                "support": 14.0
            },
            "Diseases of Respiratory System": {
                "precision": 0.29838709677419356,
                "recall": 0.3978494623655914,
                "f1-score": 0.34101382488479265,
                "support": 93.0
            },
            "Diseases of the Digestive System": {
                "precision": 0.6666666666666666,
                "recall": 0.32,
                "f1-score": 0.43243243243243246,
                "support": 25.0
            },
            "Diseases of the Genitourinary System": {
                "precision": 0.2413793103448276,
                "recall": 0.25,
                "f1-score": 0.24561403508771928,
                "support": 28.0
            },
            "Diseases of the Nervous System": {
                "precision": 0.0,
                "recall": 0.0,
                "f1-score": 0.0,
                "support": 3.0
            },
            "Diseases of the circulatory system": {
                "precision": 0.5056179775280899,
                "recall": 0.6,
                "f1-score": 0.5487804878048781,
                "support": 75.0
            },
            "Endocrine, Nutritional and Metabolic Diseases": {
                "precision": 0.3157894736842105,
                "recall": 0.23076923076923078,
                "f1-score": 0.26666666666666666,
                "support": 26.0
            },
            "External Causes of Morbidity and Mortality": {
                "precision": 0.7525773195876289,
                "recall": 0.776595744680851,
                "f1-score": 0.7643979057591623,
                "support": 94.0
            },
            "Hemorrhagic fever": {
                "precision": 0.0,
                "recall": 0.0,