{
    "Dev": {
        "accuracy": 0.4616368286445013,
        "macro avg": {
            "precision": 0.3610862286345875,
            "recall": 0.32584311142231587,
            "f1-score": 0.3349692885416774
        },
        "weighted avg": {
            "precision": 0.46088866082801555,
            "recall": 0.4616368286445013,
            "f1-score": 0.4537328179701727
        },
        "classification_report": {
            "Birth asphyxia": {
                "precision": 0.21428571428571427,
                "recall": 0.12,
                "f1-score": 0.15384615384615385,
                "support": 25.0
            },
            "Certain infectious and Parasitic Diseases": {
                "precision": 0.39344262295081966,
                "recall": 0.4444444444444444,
                "f1-score": 0.41739130434782606,
                "support": 108.0
            },
            "Congenital malformation": {
                "precision": 0.18181818181818182,
                "recall": 0.14285714285714285,
                "f1-score": 0.16,
                "support": 14.0
            },
            "Diseases of Respiratory System": {
                "precision": 0.35766423357664234,
                "recall": 0.5268817204301075,
                "f1-score": 0.4260869565217391,
                "support": 93.0
            },
            "Diseases of the Digestive System": {
                "precision": 0.35,
                "recall": 0.2916666666666667,
                "f1-score": 0.3181818181818182,
                "support": 24.0
            },
            "Diseases of the Genitourinary System": {
                "precision": 0.20689655172413793,
                "recall": 0.20689655172413793,
                "f1-score": 0.20689655172413793,
                "support": 29.0
            },
            "Diseases of the Nervous System": {
                "precision": 0.0,
                "recall": 0.0,
                "f1-score": 0.0,
                "support": 3.0
            },
            "Diseases of the circulatory system": {
                "precision": 0.41935483870967744,
                "recall": 0.5131578947368421,
                "f1-score": 0.46153846153846156,
                "support": 76.0
            },
            "Endocrine, Nutritional and Metabolic Diseases": {
                "precision": 0.25,
                "recall": 0.11538461538461539,
                "f1-score": 0.15789473684210525,
                "support": 26.0
            },
            "External Causes of Morbidity and Mortality": {
                "precision": 0.8552631578947368,
                "recall": 0.6842105263157895,
                "f1-score": 0.7602339181286549,
                "support": 95.0
            },
            "Hemorrhagic fever": {
                "precision": 0.25,
                "recall": 0.3333333333333333,
                "f1-score": 0.2857142857142857,
                "support": 3.0
            },
            "Injury, Poisoning and External Causes": {
                "precision": 0.8125,
                "recall": 0.7647058823529411,
                "f1-score": 0.7878787878787878,
                "support": 17.0
            },
            "Neoplasms": {
                "precision": 0.6153846153846154,
                "recall": 0.42105263157894735,
                "f1-score": 0.5,
                "support": 38.0
            },
            "Other Cardiovascular Diseases": {
                "precision": 0.15384615384615385,
                "recall": 0.125,
                "f1-score": 0.13793103448275862,
                "support": 32.0
            },
            "Other Defined Causes of Child Deaths": {
                "precision": 0.09090909090909091,
                "recall": 0.08333333333333333,
                "f1-score": 0.08695652173913043,
                "support": 12.0
            },
            "Other Infectious Diseases": {
                "precision": 0.21428571428571427,
                "recall": 0.12,
                "f1-score": 0.15384615384615385,
                "support": 25.0
            },
            "Other Injuries": {
                "precision": 0.5,
                "recall": 0.25,
                "f1-score": 0.3333333333333333,
                "support": 8.0
            },
            "Other Non-communicable Diseases": {
                "precision": 0.3333333333333333,
                "recall": 0.2894736842105263,
                "f1-score": 0.30985915492957744,
                "support": 38.0
            },
            "Pregnancy, childbirth and the puerperium": {
                "precision": 0.6616541353383458,
                "recall": 0.7586206896551724,
                "f1-score": 0.7068273092369478,
                "support": 116.0
            },
            "accuracy": 0.4616368286445013,
            "macro avg": {
                "precision": 0.3610862286345875,
                "recall": 0.32584311142231587,
                "f1-score": 0.3349692885416774,
                "support": 782.0
            },
            "weighted avg": {
                "precision": 0.46088866082801555,
                "recall": 0.4616368286445013,
                "f1-score": 0.4537328179701727,
                "support": 782.0
            }
        }
    },
    "Test": {
        "accuracy": 0.43661971830985913,
        "macro avg": {
            "precision": 0.34237460190714714,
            "recall": 0.2930193434911519,
            "f1-score": 0.30540544126592567
        },
        "weighted avg": {
            "precision": 0.4445416661728184,
            "recall": 0.43661971830985913,
            "f1-score": 0.43298800433601026
        },
        "classification_report": {
            "Birth asphyxia": {
                "precision": 0.4166666666666667,
                "recall": 0.38461538461538464,
                "f1-score": 0.4,
                "support": 26.0
            },
            "Certain infectious and Parasitic Diseases": {
                "precision": 0.425,
                "recall": 0.4766355140186916,
                "f1-score": 0.44933920704845814,
                "support": 107.0
            },
            "Congenital malformation": {
                "precision": 0.2,
                "recall": 0.07142857142857142,
                "f1-score": 0.10526315789473684,
                "support": 14.0
            },
            "Diseases of Respiratory System": {
                "precision": 0.2786885245901639,
                "recall": 0.3655913978494624,
                "f1-score": 0.31627906976744186,
                "support": 93.0
            },
            "Diseases of the Digestive System": {
                "precision": 0.3333333333333333,
                "recall": 0.16,
                "f1-score": 0.21621621621621623,
                "support": 25.0
            },
            "Diseases of the Genitourinary System": {
                "precision": 0.125,
                "recall": 0.14285714285714285,
                "f1-score": 0.13333333333333333,
                "support": 28.0
            },
            "Diseases of the Nervous System": {
                "precision": 0.0,
                "recall": 0.0,
                "f1-score": 0.0,
                "support": 3.0
            },
            "Diseases of the circulatory system": {
                "precision": 0.4423076923076923,
                "recall": 0.6133333333333333,
                "f1-score": 0.5139664804469274,
                "support": 75.0
            },
            "Endocrine, Nutritional and Metabolic Diseases": {
                "precision": 0.23076923076923078,
                "recall": 0.23076923076923078,
                "f1-score": 0.23076923076923078,
                "support": 26.0
            },
            "External Causes of Morbidity and Mortality": {
                "precision": 0.8,
                "recall": 0.6808510638297872,
                "f1-score": 0.735632183908046,
                "support": 94.0
            },