{
    "Dev": {
        "accuracy": 0.45012787723785164,
        "macro avg": {
            "precision": 0.32678767805023917,
            "recall": 0.32358397693763896,
            "f1-score": 0.31730599599553694
        },
        "weighted avg": {
            "precision": 0.44732486128135673,
            "recall": 0.45012787723785164,
            "f1-score": 0.4463733850992258
        },
        "classification_report": {
            "Birth asphyxia": {
                "precision": 0.25925925925925924,
                "recall": 0.28,
                "f1-score": 0.2692307692307692,
                "support": 25.0
            },
            "Certain infectious and Parasitic Diseases": {
                "precision": 0.45689655172413796,
                "recall": 0.49074074074074076,
                "f1-score": 0.4732142857142857,
                "support": 108.0
            },
            "Congenital malformation": {
                "precision": 0.11764705882352941,
                "recall": 0.14285714285714285,
                "f1-score": 0.12903225806451613,
                "support": 14.0
            },
            "Diseases of Respiratory System": {
                "precision": 0.35789473684210527,
                "recall": 0.3655913978494624,
                "f1-score": 0.3617021276595745,
                "support": 93.0
            },
            "Diseases of the Digestive System": {
                "precision": 0.29411764705882354,
                "recall": 0.4166666666666667,
                "f1-score": 0.3448275862068966,
                "support": 24.0
            },
            "Diseases of the Genitourinary System": {
                "precision": 0.2,
                "recall": 0.2413793103448276,
                "f1-score": 0.21875,
                "support": 29.0
            },
            "Diseases of the Nervous System": {
                "precision": 0.07692307692307693,
                "recall": 0.3333333333333333,
                "f1-score": 0.125,
                "support": 3.0
            },
            "Diseases of the circulatory system": {
                "precision": 0.55,
                "recall": 0.5789473684210527,
                "f1-score": 0.5641025641025641,
                "support": 76.0
            },
            "Endocrine, Nutritional and Metabolic Diseases": {
                "precision": 0.1,
                "recall": 0.07692307692307693,
                "f1-score": 0.08695652173913043,
                "support": 26.0
            },
            "External Causes of Morbidity and Mortality": {
                "precision": 0.7448979591836735,
                "recall": 0.7684210526315789,
                "f1-score": 0.7564766839378239,
                "support": 95.0
            },
            "Hemorrhagic fever": {
                "precision": 0.0,
                "recall": 0.0,
                "f1-score": 0.0,
                "support": 3.0
            },
            "Injury, Poisoning and External Causes": {
                "precision": 0.7857142857142857,
                "recall": 0.6470588235294118,
                "f1-score": 0.7096774193548387,
                "support": 17.0
            },
            "Neoplasms": {
                "precision": 0.6206896551724138,
                "recall": 0.47368421052631576,
                "f1-score": 0.5373134328358209,
                "support": 38.0
            },
            "Other Cardiovascular Diseases": {
                "precision": 0.14814814814814814,
                "recall": 0.125,
                "f1-score": 0.13559322033898305,
                "support": 32.0
            },
            "Other Defined Causes of Child Deaths": {
                "precision": 0.2857142857142857,
                "recall": 0.16666666666666666,
                "f1-score": 0.21052631578947367,
                "support": 12.0
            },
            "Other Infectious Diseases": {
                "precision": 0.1875,
                "recall": 0.12,
                "f1-score": 0.14634146341463414,
                "support": 25.0
            },
            "Other Injuries": {
                "precision": 0.2,
                "recall": 0.125,
                "f1-score": 0.15384615384615385,
                "support": 8.0
            },
            "Other Non-communicable Diseases": {
                "precision": 0.20689655172413793,
                "recall": 0.15789473684210525,
                "f1-score": 0.1791044776119403,
                "support": 38.0
            },
            "Pregnancy, childbirth and the puerperium": {
                "precision": 0.6166666666666667,
                "recall": 0.6379310344827587,
                "f1-score": 0.6271186440677966,
                "support": 116.0
            },
            "accuracy": 0.45012787723785164,
            "macro avg": {
                "precision": 0.32678767805023917,
                "recall": 0.32358397693763896,
                "f1-score": 0.31730599599553694,
                "support": 782.0
            },
            "weighted avg": {
                "precision": 0.44732486128135673,
                "recall": 0.45012787723785164,
                "f1-score": 0.4463733850992258,
                "support": 782.0
            }
        }
    },
    "Test": {
        "accuracy": 0.41613316261203587,
        "macro avg": {
            "precision": 0.30443545880619083,
            "recall": 0.28908551182193404,
            "f1-score": 0.2938414514209095
        },
        "weighted avg": {
            "precision": 0.41993322002038047,
            "recall": 0.41613316261203587,
            "f1-score": 0.41650261906217556
        },
        "classification_report": {
            "Birth asphyxia": {
                "precision": 0.3448275862068966,
                "recall": 0.38461538461538464,
                "f1-score": 0.36363636363636365,
                "support": 26.0
            },
            "Certain infectious and Parasitic Diseases": {
                "precision": 0.4051724137931034,
                "recall": 0.4392523364485981,
                "f1-score": 0.42152466367713004,
                "support": 107.0
            },
            "Congenital malformation": {
                "precision": 0.0625,
                "recall": 0.07142857142857142,
                "f1-score": 0.06666666666666667,
                "support": 14.0
            },
            "Diseases of Respiratory System": {
                "precision": 0.33707865168539325,
                "recall": 0.3225806451612903,
                "f1-score": 0.32967032967032966,
                "support": 93.0
            },
            "Diseases of the Digestive System": {
                "precision": 0.2727272727272727,
                "recall": 0.24,
                "f1-score": 0.2553191489361702,
                "support": 25.0
            },
            "Diseases of the Genitourinary System": {
                "precision": 0.2413793103448276,
                "recall": 0.25,
                "f1-score": 0.24561403508771928,
                "support": 28.0
            },
            "Diseases of the Nervous System": {
                "precision": 0.0,
                "recall": 0.0,
                "f1-score": 0.0,
                "support": 3.0
            },
            "Diseases of the circulatory system": {
                "precision": 0.5,
                "recall": 0.49333333333333335,
                "f1-score": 0.4966442953020134,
                "support": 75.0
            },
            "Endocrine, Nutritional and Metabolic Diseases": {
                "precision": 0.16,
                "recall": 0.15384615384615385,
                "f1-score": 0.1568627450980392,
                "support": 26.0
            },
            "External Causes of Morbidity and Mortality": {
                "precision": 0.6804123711340206,
                "recall": 0.7021276595744681,
                "f1-score": 0.6910994764397905,