{
    "Birth asphyxia": {
        "precision": 0.5714285714285714,
        "recall": 0.3076923076923077,
        "f1-score": 0.4,
        "support": 26.0
    },
    "Certain infectious and Parasitic Diseases": {
        "precision": 0.42857142857142855,
        "recall": 0.5327102803738317,
        "f1-score": 0.475,
        "support": 107.0
    },
    "Congenital malformation": {
        "precision": 0.0,
        "recall": 0.0,
        "f1-score": 0.0,
        "support": 14.0
    },
    "Diseases of Respiratory System": {
        "precision": 0.3504273504273504,
        "recall": 0.44086021505376344,
        "f1-score": 0.3904761904761905,
        "support": 93.0
    },
    "Diseases of the Digestive System": {
        "precision": 1.0,
        "recall": 0.04,
        "f1-score": 0.07692307692307693,
        "support": 25.0
    },
    "Diseases of the Genitourinary System": {
        "precision": 0.5454545454545454,
        "recall": 0.21428571428571427,
        "f1-score": 0.3076923076923077,
        "support": 28.0
    },
    "Diseases of the Nervous System": {
        "precision": 0.0,
        "recall": 0.0,
        "f1-score": 0.0,
        "support": 3.0
    },
    "Diseases of the circulatory system": {
        "precision": 0.4330708661417323,
        "recall": 0.7333333333333333,
        "f1-score": 0.5445544554455446,
        "support": 75.0
    },
    "Endocrine, Nutritional and Metabolic Diseases": {
        "precision": 0.25,
        "recall": 0.07692307692307693,
        "f1-score": 0.11764705882352941,
        "support": 26.0
    },
    "External Causes of Morbidity and Mortality": {
        "precision": 0.5769230769230769,
        "recall": 0.7978723404255319,
        "f1-score": 0.6696428571428571,
        "support": 94.0
    },
    "Hemorrhagic fever": {
        "precision": 0.0,
        "recall": 0.0,
        "f1-score": 0.0,
        "support": 4.0
    },
    "Injury, Poisoning and External Causes": {
        "precision": 1.0,
        "recall": 0.16666666666666666,
        "f1-score": 0.2857142857142857,
        "support": 18.0
    },
    "Neoplasms": {
        "precision": 0.45,
        "recall": 0.4864864864864865,
        "f1-score": 0.4675324675324675,
        "support": 37.0
    },
    "Other Cardiovascular Diseases": {
        "precision": 0.23684210526315788,
        "recall": 0.28125,
        "f1-score": 0.2571428571428571,
        "support": 32.0
    },
    "Other Defined Causes of Child Deaths": {
        "precision": 1.0,
        "recall": 0.07692307692307693,
        "f1-score": 0.14285714285714285,
        "support": 13.0
    },
    "Other Infectious Diseases": {
        "precision": 0.6666666666666666,
        "recall": 0.08,
        "f1-score": 0.14285714285714285,
        "support": 25.0
    },
    "Other Injuries": {
        "precision": 1.0,
        "recall": 0.125,
        "f1-score": 0.2222222222222222,
        "support": 8.0
    },
    "Other Non-communicable Diseases": {
        "precision": 0.7,
        "recall": 0.18421052631578946,
        "f1-score": 0.2916666666666667,
        "support": 38.0
    },
    "Pregnancy, childbirth and the puerperium": {
        "precision": 0.6944444444444444,
        "recall": 0.8695652173913043,
        "f1-score": 0.7722007722007722,
        "support": 115.0
    },
    "accuracy": 0.4942381562099872,
    "macro avg": {
        "precision": 0.5212541608063671,
        "recall": 0.28493574957215173,
        "f1-score": 0.2928489212472139,
        "support": 781.0
    },
    "weighted avg": {
        "precision": 0.5289943225535909,
        "recall": 0.4942381562099872,
        "f1-score": 0.45158448748387275,
        "support": 781.0
    }
}