{
    "Dev": {
        "accuracy": 0.5038363171355499,
        "macro avg": {
            "precision": 0.359866392635446,
            "recall": 0.2780402043429033,
            "f1-score": 0.27373659395502686
        },
        "weighted avg": {
            "precision": 0.46720739574069425,
            "recall": 0.5038363171355499,
            "f1-score": 0.4489599214891043
        },
        "classification_report": {
            "Birth asphyxia": {
                "precision": 0.3333333333333333,
                "recall": 0.08,
                "f1-score": 0.12903225806451613,
                "support": 25.0
            },
            "Certain infectious and Parasitic Diseases": {
                "precision": 0.37209302325581395,
                "recall": 0.5925925925925926,
                "f1-score": 0.45714285714285713,
                "support": 108.0
            },
            "Congenital malformation": {
                "precision": 0.0,
                "recall": 0.0,
                "f1-score": 0.0,
                "support": 14.0
            },
            "Diseases of Respiratory System": {
                "precision": 0.362962962962963,
                "recall": 0.5268817204301075,
                "f1-score": 0.4298245614035088,
                "support": 93.0
            },
            "Diseases of the Digestive System": {
                "precision": 1.0,
                "recall": 0.16666666666666666,
                "f1-score": 0.2857142857142857,
                "support": 24.0
            },
            "Diseases of the Genitourinary System": {
                "precision": 0.5,
                "recall": 0.06896551724137931,
                "f1-score": 0.12121212121212122,
                "support": 29.0
            },
            "Diseases of the Nervous System": {
                "precision": 0.0,
                "recall": 0.0,
                "f1-score": 0.0,
                "support": 3.0
            },
            "Diseases of the circulatory system": {
                "precision": 0.48623853211009177,
                "recall": 0.6973684210526315,
                "f1-score": 0.572972972972973,
                "support": 76.0
            },
            "Endocrine, Nutritional and Metabolic Diseases": {
                "precision": 0.3333333333333333,
                "recall": 0.038461538461538464,
                "f1-score": 0.06896551724137931,
                "support": 26.0
            },
            "External Causes of Morbidity and Mortality": {
                "precision": 0.7428571428571429,
                "recall": 0.8210526315789474,
                "f1-score": 0.78,
                "support": 95.0
            },
            "Hemorrhagic fever": {
                "precision": 0.0,
                "recall": 0.0,
                "f1-score": 0.0,
                "support": 3.0
            },
            "Injury, Poisoning and External Causes": {
                "precision": 1.0,
                "recall": 0.6470588235294118,
                "f1-score": 0.7857142857142857,
                "support": 17.0
            },
            "Neoplasms": {
                "precision": 0.525,
                "recall": 0.5526315789473685,
                "f1-score": 0.5384615384615384,
                "support": 38.0
            },
            "Other Cardiovascular Diseases": {
                "precision": 0.25,
                "recall": 0.0625,
                "f1-score": 0.1,
                "support": 32.0
            },
            "Other Defined Causes of Child Deaths": {
                "precision": 0.0,
                "recall": 0.0,
                "f1-score": 0.0,
                "support": 12.0
            },
            "Other Infectious Diseases": {
                "precision": 0.0,
                "recall": 0.0,
                "f1-score": 0.0,
                "support": 25.0
            },
            "Other Injuries": {
                "precision": 0.0,
                "recall": 0.0,
                "f1-score": 0.0,
                "support": 8.0
            },
            "Other Non-communicable Diseases": {
                "precision": 0.3157894736842105,
                "recall": 0.15789473684210525,
                "f1-score": 0.21052631578947367,
                "support": 38.0
            },
            "Pregnancy, childbirth and the puerperium": {
                "precision": 0.6158536585365854,
                "recall": 0.8706896551724138,
                "f1-score": 0.7214285714285714,
                "support": 116.0
            },
            "accuracy": 0.5038363171355499,
            "macro avg": {
                "precision": 0.359866392635446,
                "recall": 0.2780402043429033,
                "f1-score": 0.27373659395502686,
                "support": 782.0
            },
            "weighted avg": {
                "precision": 0.46720739574069425,
                "recall": 0.5038363171355499,
                "f1-score": 0.4489599214891043,
                "support": 782.0
            }
        }
    },
    "Test": {
        "accuracy": 0.49551856594110116,
        "macro avg": {
            "precision": 0.2932773070920358,
            "recall": 0.2655485380277753,
            "f1-score": 0.25816212138389305
        },
        "weighted avg": {
            "precision": 0.42428590651878983,
            "recall": 0.49551856594110116,
            "f1-score": 0.4388807972184709
        },
        "classification_report": {
            "Birth asphyxia": {
                "precision": 0.7333333333333333,
                "recall": 0.4230769230769231,
                "f1-score": 0.5365853658536586,
                "support": 26.0
            },
            "Certain infectious and Parasitic Diseases": {
                "precision": 0.37777777777777777,
                "recall": 0.6355140186915887,
                "f1-score": 0.4738675958188153,
                "support": 107.0
            },
            "Congenital malformation": {
                "precision": 0.0,
                "recall": 0.0,
                "f1-score": 0.0,
                "support": 14.0
            },
            "Diseases of Respiratory System": {
                "precision": 0.3188405797101449,
                "recall": 0.4731182795698925,
                "f1-score": 0.38095238095238093,
                "support": 93.0
            },
            "Diseases of the Digestive System": {
                "precision": 0.0,
                "recall": 0.0,
                "f1-score": 0.0,
                "support": 25.0
            },
            "Diseases of the Genitourinary System": {
                "precision": 0.0,
                "recall": 0.0,
                "f1-score": 0.0,
                "support": 28.0
            },
            "Diseases of the Nervous System": {
                "precision": 0.0,
                "recall": 0.0,
                "f1-score": 0.0,
                "support": 3.0
            },
            "Diseases of the circulatory system": {
                "precision": 0.46226415094339623,
                "recall": 0.6533333333333333,
                "f1-score": 0.5414364640883977,
                "support": 75.0
            },
            "Endocrine, Nutritional and Metabolic Diseases": {
                "precision": 0.3333333333333333,
                "recall": 0.07692307692307693,
                "f1-score": 0.125,
                "support": 26.0
            },
            "External Causes of Morbidity and Mortality": {
                "precision": 0.675,
                "recall": 0.8617021276595744,
                "f1-score": 0.7570093457943925,
                "support": 94.0
            },
            "Hemorrhagic fever": {
                "precision": 0.0,
                "recall": 0.0,
                "f1-score": 0.0,
                "support": 4.0
            },
            "Injury, Poisoning and External Causes": {
                "precision": 0.8571428571428571,