{
    "Birth asphyxia": {
        "precision": 0.40625,
        "recall": 0.5,
        "f1-score": 0.4482758620689655,
        "support": 26.0
    },
    "Certain infectious and Parasitic Diseases": {
        "precision": 0.40522875816993464,
        "recall": 0.5794392523364486,
        "f1-score": 0.47692307692307695,
        "support": 107.0
    },
    "Congenital malformation": {
        "precision": 1.0,
        "recall": 0.07142857142857142,
        "f1-score": 0.13333333333333333,
        "support": 14.0
    },
    "Diseases of Respiratory System": {
        "precision": 0.3888888888888889,
        "recall": 0.3010752688172043,
        "f1-score": 0.3393939393939394,
        "support": 93.0
    },
    "Diseases of the Digestive System": {
        "precision": 0.375,
        "recall": 0.24,
        "f1-score": 0.2926829268292683,
        "support": 25.0
    },
    "Diseases of the Genitourinary System": {
        "precision": 0.3333333333333333,
        "recall": 0.25,
        "f1-score": 0.2857142857142857,
        "support": 28.0
    },
    "Diseases of the Nervous System": {
        "precision": 0.0,
        "recall": 0.0,
        "f1-score": 0.0,
        "support": 3.0
    },
    "Diseases of the circulatory system": {
        "precision": 0.5466666666666666,
        "recall": 0.5466666666666666,
        "f1-score": 0.5466666666666666,
        "support": 75.0
    },
    "Endocrine, Nutritional and Metabolic Diseases": {
        "precision": 0.24242424242424243,
        "recall": 0.3076923076923077,
        "f1-score": 0.2711864406779661,
        "support": 26.0
    },
    "External Causes of Morbidity and Mortality": {
        "precision": 0.6044776119402985,
        "recall": 0.8617021276595744,
        "f1-score": 0.7105263157894737,
        "support": 94.0
    },
    "Hemorrhagic fever": {
        "precision": 0.0,
        "recall": 0.0,
        "f1-score": 0.0,
        "support": 4.0
    },
    "Injury, Poisoning and External Causes": {
        "precision": 0.8333333333333334,
        "recall": 0.2777777777777778,
        "f1-score": 0.4166666666666667,
        "support": 18.0
    },
    "Neoplasms": {
        "precision": 0.375,
        "recall": 0.4864864864864865,
        "f1-score": 0.4235294117647059,
        "support": 37.0
    },
    "Other Cardiovascular Diseases": {
        "precision": 0.30303030303030304,
        "recall": 0.3125,
        "f1-score": 0.3076923076923077,
        "support": 32.0
    },
    "Other Defined Causes of Child Deaths": {
        "precision": 0.42857142857142855,
        "recall": 0.23076923076923078,
        "f1-score": 0.3,
        "support": 13.0
    },
    "Other Infectious Diseases": {
        "precision": 0.2,
        "recall": 0.04,
        "f1-score": 0.06666666666666667,
        "support": 25.0
    },
    "Other Injuries": {
        "precision": 1.0,
        "recall": 0.125,
        "f1-score": 0.2222222222222222,
        "support": 8.0
    },
    "Other Non-communicable Diseases": {
        "precision": 0.4375,
        "recall": 0.18421052631578946,
        "f1-score": 0.25925925925925924,
        "support": 38.0
    },
    "Pregnancy, childbirth and the puerperium": {
        "precision": 0.7109375,
        "recall": 0.7913043478260869,
        "f1-score": 0.7489711934156379,
        "support": 115.0
    },
    "accuracy": 0.49039692701664533,
    "macro avg": {
        "precision": 0.4521390561241279,
        "recall": 0.32137118756716554,
        "f1-score": 0.3289321355307601,
        "support": 781.0
    },
    "weighted avg": {
        "precision": 0.48968900604097265,
        "recall": 0.49039692701664533,
        "f1-score": 0.4643000827246829,
        "support": 781.0
    }
}